{"E": [0.0016687419930316927, 6.904270649956374e-07, 2.3576347226255613e-10, 2.0902198491516978e-10, -4.39080274684005e-20, -1.66035812051066e-13, 1.5004223640818668e-20], "G": [0.0017030909653261734, 1.2299393268551143e-07, 2.1980783626634353e-10, 8.502407729769176e-11, -2.583010232722635e-21, -1.913729555480598e-14, -1.1332797112362608e-20], "Y": [0.0016277939747327507, 4.0627597618495554e-07, 3.9321698303091264e-09, 5.257624410225622e-12, 7.559628793839548e-22, 3.351198317842321e-15, -3.349589222722705e-35], "K": [0.0013235294117647054, 8.650519031141867e-08, 7.632810909831063e-11, 1.1402100248019238e-10, -1.0637009187208395e-20, -3.353558896476246e-14, 0.0], "4": [0.001088984165094609, 6.137236042794835e-08, 6.447790088245599e-10, 3.5410782674574492e-12, -1.6824362483167154e-22, 5.966874975733676e-16, 1.7995191933223268e-23], "R": [0.0012286370487630438, 2.1594910822996e-08, 5.595574714592607e-12, 2.108658902377666e-11, 2.243473161485361e-22, -1.3835022132428385e-15, 4.617964590639275e-23], "C": [0.0020967371323529407, 3.2342428979576656e-07, 8.622354876033422e-10, 5.11322470791719e-10, -3.3951210632425926e-19, -2.90791156987478e-13, 0.0], "3": [0.0019442639934024025, 6.347892294294353e-07, 7.67439613539716e-10, 3.4495448305146637e-10, -1.706967270125911e-19, -2.732711288704462e-13, -4.862106914255445e-20], "5": [0.001602444622252984, 3.2141315047803735e-07, 2.7763062929648115e-11, 2.6416421584054443e-12, -1.4655630127032203e-23, 1.4619560603941233e-15, 1.7233676612364175e-23], "6": [0.0013481115233058617, 9.944480856229824e-08, 8.028425671345952e-11, 2.3924355976908704e-11, -1.0410256116669345e-21, -7.167552751380752e-15, -1.2511633019503302e-22], "O": [0.00146078431372549, 2.460592079969241e-08, 0.0, 0.0, 0.0, 0.0, 0.0], "W": [0.0010997617071407532, 2.8674908101455805e-11, 7.618184015316154e-13, 2.5487720969136218e-11, -1.1231098478668269e-22, -1.3648408776212017e-16, 6.437645284200191e-36], "1": [0.001608634105473719, 1.642867242892809e-06, 6.218748479148435e-11, 1.046018685854582e-11, -2.627953066612028e-22, 1.2919960074653408e-14, 4.5963224069475164e-23], "J": [0.0018449846939230857, 1.6914042398637394e-06, 1.126826319432016e-09, 2.151134366454806e-10, -9.587942707566947e-20, -2.7832776996700605e-13, -4.4985478209724874e-20], "2": [0.0019291896446078428, 7.760520166545955e-07, 1.519124615494905e-10, 3.20178248513552e-11, -1.1750561921657166e-21, -1.509011629142556e-14, -1.8987979180814977e-21], "7": [0.002302828277419297, 1.940266996811844e-06, 5.071200504857914e-09, 9.485729880887506e-10, 7.311826262853411e-19, 1.075999505158097e-12, -1.947749637411244e-18], "V": [0.0013038274294628687, 6.597985158906249e-08, 1.034325911970092e-09, 5.4659442978286984e-11, -1.2996502802266415e-20, 1.4040121585912498e-14, -6.622370619313581e-35], "L": [0.001945098039215686, 1.9291041906958846e-06, 3.1864262161612126e-09, 3.540473573512453e-10, -2.647916133451023e-19, -4.904330211031427e-13, 2.670167529530406e-19], "I": [0.0018307322929171671, 2.0752598758591062e-06, 1.8073423043730753e-38, 1.1759138427380482e-39, 4.854775443244618e-78, 6.198474370794292e-43, 2.41224896302029e-78], "Q": [0.001247844213131069, 3.1503586737510835e-08, 1.0572418142094538e-11, 1.2785840969324505e-11, 3.5414520116800764e-23, 2.2469204202890277e-15, 1.4437549236469353e-22], "T": [0.001769123671316501, 1.5119602493283542e-06, 2.5082579123256156e-09, 1.1286008971896654e-10, 6.004774215647369e-20, 1.3877478969566888e-13, 1.3578470956400683e-34], "A": [0.0012886106823681855, 2.1808826791976545e-10, 3.061595624301573e-10, 5.704466636870678e-12, -2.3839463688712077e-22, 8.424249020703208e-17, 6.160944830030188e-36], "D": [0.0014750077341229503, 3.611461234150297e-08, 1.2292082028779525e-10, 3.360944292270896e-14, 6.831321046343628e-26, -6.387086426289329e-18, -1.3593885441354346e-38], "Z": [0.002124183006535947, 1.5351408052933093e-06, 3.6871067205855574e-38, 6.716816912922902e-39, 8.531149636956235e-77, 3.3134061079961785e-42, -6.2410850719216585e-77], "M": [0.0010997617071407532, 2.8674908101455808e-11, 7.618184015315164e-13, 2.5487720969136147e-11, -1.1231098478667495e-22, -1.364840877621198e-16, -6.528810195632133e-36], "U": [0.0015882352941176468, 8.650519031141835e-10, 2.42744589185155e-10, 2.697162102057278e-11, -2.18240502143221e-21, 7.932829711933155e-16, 0.0], "N": [0.0010727107665006261, 4.969909255354301e-09, 3.5199187658574776e-14, 4.89189696277855e-13, -5.402704948781916e-26, 1.4414831966160888e-17, -3.466578554521813e-26], "9": [0.0013481115233058615, 9.944480856229828e-08, 8.028425671345988e-11, 2.3924355976909218e-11, -1.041025611666968e-21, -7.167552751380898e-15, -1.2511633019505804e-22], "S": [0.0018000753113316652, 3.276606526081678e-07, 1.9181073753964208e-11, 1.4610429464486226e-11, -1.4841729533875517e-22, -7.624310258501073e-15, -1.944079085405908e-22], "B": [0.0012718829621106275, 6.442949776606695e-08, 3.441109909376556e-11, 2.5239366784600847e-12, -3.474178454074809e-24, -1.569139323632623e-16, -2.3263619471832105e-23], "P": [0.0014812629441351302, 3.704865904873513e-07, 1.4760245591985851e-09, 7.806677671255435e-11, -2.098252487782452e-20, -3.40340854443511e-14, 1.6185937980519982e-20], "X": [0.0015795206971677559, 1.6935087808430294e-07, 0.0, 0.0, 0.0, 0.0, 0.0], "0": [0.0013374485596707817, 2.8713470678653436e-08, 0.0, 0.0, 0.0, 0.0, 0.0], "H": [0.001429892016911949, 7.976402116787969e-09, 3.5967299203645674e-16, 1.280475815322954e-12, 2.747963654115511e-26, -1.1436019844132222e-16, 7.12733688968403e-38], "8": [0.001284313725490196, 1.1111111111111107e-07, 6.869529818847953e-12, 7.63281090983106e-13, -1.7477940715570814e-24, 2.5442703032770196e-16, 0.0], "F": [0.0016373275236020329, 8.655218922341252e-07, 1.7908528345783312e-09, 1.8250152978933616e-10, -1.434249642849475e-20, -1.4899636641319316e-13, -1.0334442229317935e-19]}